TOWNSHIP_RANGE,YEAR,XGBRegressor,SVR,KNeighborsRegressor,GradientBoostingRegressor,CatBoostRegressor,RandomForestRegressor
T01N R02E,2021,56.801914,56.47035525549866,114.45848964811344,55.132341957222536,55.936966021749846,92.34252797937175
T01N R03E,2021,32.689034,40.5471236224473,64.27015206737562,46.06857936647264,30.61918257415983,27.54084002372413
T01N R04E,2021,19.50271,28.627115981041854,60.11144058712937,20.923116210866908,21.654735704473417,19.182663590573718
T01N R05E,2021,26.481182,32.46900225160208,79.53747877854103,27.518668663606643,23.568366535346797,22.395347773287526
T01N R06E,2021,39.996876,49.34829252602079,156.75887645776055,39.32792013511984,35.367358921291824,74.17792947845102
T01N R07E,2021,51.67709,54.27642497048095,124.20078021361394,51.621897248279424,54.15178468918451,91.34229206796692
T01N R08E,2021,114.15432,98.80215087684634,126.50278767488048,123.92801933752739,124.8515328121829,118.44943060876953
T01N R09E,2021,135.40149,123.13901590085982,133.5943200146442,137.99408358503533,139.78693080982038,134.00531639296372
T01N R10E,2021,188.79344,167.17459807074854,139.0921899647846,218.70161882229738,192.760699003194,179.08790092434026
T01N R11E,2021,112.199295,94.88114505113927,88.2906568919497,106.41929172543891,112.24479918832515,118.46394826088894
T01S R02E,2021,36.68315,49.37121020009864,79.9641032935002,38.018346907778245,36.58323221849708,34.62637474919134
T01S R03E,2021,26.797459,39.71701030169576,70.5134605452392,28.010591396733645,26.739245441532045,24.140543783675216
T01S R04E,2021,19.605694,41.809457261885086,79.9641032935002,20.993878753597137,22.79840427564941,20.673252895524772
T01S R05E,2021,20.72436,39.90079805158118,71.98507557837245,22.449796224308294,24.758257104622636,23.395822016599777
T01S R06E,2021,27.13558,42.924382077460265,80.09192013450338,27.88090702289236,28.084396214815612,25.98897084790627
T01S R07E,2021,38.711098,53.13251981480764,89.67045272685355,39.787047761941956,43.028525468880225,37.71752328650275
T01S R08E,2021,68.995636,77.63754512392772,99.04012824047113,72.66362801002333,74.83798222618245,73.9673403390019
T01S R09E,2021,109.15491,103.99703931263775,126.36233561041564,105.26834819768669,106.11565162187439,107.58007559061919
T01S R10E,2021,120.442635,118.50765812256003,136.37810408334573,121.72993863572849,121.98253772515476,116.63051467969792
T01S R11E,2021,111.27403,109.4246866449542,108.00229444477698,112.26805243605195,112.62319146654582,111.73931510216428
T01S R12E,2021,84.65203,83.19315315529124,90.66728439102376,87.94409719955854,100.32957523975628,89.21475040531358
T02N R01E,2021,62.639233,60.931512075895185,31.957457014080205,63.840131559388766,69.62802310636748,54.33027607613646
T02N R02E,2021,51.001934,47.3951360880499,34.43121292875623,51.28239947606156,50.8837616753777,50.02359531269285
T02N R03E,2021,36.44324,44.964812569887194,72.2264630351418,38.18210427867805,37.249401645999335,31.498923225533755
T02N R04E,2021,18.10819,31.171020949188687,50.47300500578051,18.42312142669151,22.22175190597539,14.134617194224605
T02N R05E,2021,20.7874,37.37442962689042,147.5755557123871,21.096442722520948,23.982158327071676,18.56276190350176
T02N R06E,2021,52.09995,63.626773828994466,145.31202513922275,51.698158387448984,53.959943338260146,49.749272009631746
T02N R07E,2021,90.164894,82.20889769877701,78.74365280896741,87.66805067559146,91.1226550832797,87.00364032232196
T02N R08E,2021,143.57361,138.81764695811663,153.99681940355148,142.88813710386214,141.84300975888598,162.04127027092656
T02N R09E,2021,197.52362,181.39032490782446,169.12440384745332,195.07242808201366,192.1608010889094,206.48252719203168
T02N R10E,2021,211.03845,200.62215105326555,157.27224228277223,209.03541597067965,211.30069033754924,211.9626853630741
T02N R11E,2021,94.12762,80.33001327396259,105.50987048054196,94.86722877429172,100.93303387623091,88.72580376147431
T02S R03E,2021,11.986485,26.15939544950281,46.16372093269806,10.579996763762228,22.250642591156783,9.853718710482164
T02S R04E,2021,88.020546,76.0467024467677,111.42438035026632,87.93702094784841,89.38651491313202,87.07610458463031
T02S R05E,2021,70.88521,77.17948027882102,132.45844091087204,72.22813981259011,74.87685065461116,72.49207168753385
T02S R06E,2021,28.224874,37.79317863635493,84.51244746096594,29.466541392173518,31.428462238309137,23.183533447395067
T02S R07E,2021,28.583496,40.17964528854506,101.98217619180416,29.85288284290787,31.934364122133644,24.099578693931125
T02S R08E,2021,50.330585,58.02096202984859,103.53849574022341,52.095591815357935,55.66096668772886,46.63981344789448
T02S R09E,2021,78.36053,82.35163062124536,103.42761972499923,80.6588952758564,77.7727364253501,72.74221942993432
T02S R10E,2021,107.71231,102.52163482474927,114.79498138177993,108.01241122187221,106.18656944055306,108.09437718922446
T02S R11E,2021,132.15536,119.95503872437506,117.36606801991283,127.47976452844168,131.73502902260026,135.15960564151317
T02S R12E,2021,95.22317,99.48673280414695,141.04855835504264,94.79935613580562,104.26740492911107,88.59332334564263
T02S R13E,2021,109.74459,98.2104770935519,129.64985141841845,110.99852363302539,114.0054321626269,115.58596571915379
T03N R03E,2021,14.491021,26.569065865520393,54.595034972912664,18.463336897412127,28.9677083824635,9.805993865298447
T03N R04E,2021,12.897912,26.190765086669174,48.08612301537204,10.348491021615532,26.477832675511063,10.20560075051759
T03N R05E,2021,18.026081,30.108755802586003,48.08612301537204,18.2066855384007,27.12104703557666,14.94191604115089
T03N R06E,2021,51.657337,62.56420688481754,138.2805815613383,51.6775728483281,60.492814188974634,50.36447372611749
T03N R07E,2021,109.45422,95.50027528957554,126.35464135786596,104.24053269659927,101.85908801030364,107.57677063035993
T03N R08E,2021,155.3368,137.3131786049323,137.31815821154447,146.0438297409669,149.05345967741275,172.00589787918608
T03N R09E,2021,172.86995,165.10830559239628,163.29440105113505,166.19072261790305,172.38145776994276,206.77106578893756
T03N R10E,2021,205.98076,182.14428611803464,158.67899412025233,235.67735332120105,199.2434723586021,209.6061557978231
T03S R04E,2021,129.29483,114.61015663563674,59.40218053745673,126.98551784354981,125.01984264783486,129.54261779869435
T03S R05E,2021,118.018234,123.17473904057854,128.59032273361174,121.71662216851145,124.60310697607915,121.74402757563011
T03S R06E,2021,67.67633,73.9909948322941,128.31744022491975,70.08152238518392,70.70819360644002,69.26248874177405
T03S R07E,2021,25.063923,36.971122404913814,61.49394459698419,25.27651884384438,31.652577489659002,22.294984783027292
T03S R08E,2021,26.338123,46.696637604304186,106.0116067632433,26.27533906099599,33.7329374064358,23.006442789740202
T03S R09E,2021,59.85095,68.02933089803889,99.79775187803345,58.68412581083987,66.23961522322388,54.21324523970595
T03S R10E,2021,99.789215,90.20232017072207,120.40877170517325,119.95774037645191,102.24867107726241,86.6545735283744
T03S R11E,2021,135.62128,121.00892174622948,135.1537383607248,132.53251107917131,128.98705906087739,131.2086396604582
T03S R12E,2021,165.98445,155.19140898084373,170.31724560442018,164.0932381192525,167.8469034961047,166.21122576636301
T03S R13E,2021,109.04623,96.83932627097431,131.99518394169178,109.54379369996943,112.1622505014547,115.08210755966061
T03S R14E,2021,111.926994,99.68119061552318,128.08922189874332,110.29647054454313,114.31691144127484,115.27130463903787
T04N R04E,2021,12.354354,29.146168378847165,40.28559200145582,9.249523454633836,19.703464198752112,9.381423261711165
T04N R05E,2021,19.759634,32.890325586103565,37.70863452198018,20.005799712878723,21.70356554497124,16.770868817719606
T04N R06E,2021,66.89454,60.58187888017997,80.81421257793738,83.48046106072651,71.84060574880388,56.803965579792774
T04N R07E,2021,123.32042,111.09814663870193,76.91291633209951,124.82315371095433,127.73203226979936,122.39349323644949
T04N R08E,2021,157.65207,140.00438881639582,106.59270898779131,149.7015249086149,151.6169190171579,147.77884731784715
T04N R09E,2021,137.49905,119.42643635715675,91.45193625421417,134.61685729101595,137.66421129986017,139.81652841212974
T04N R10E,2021,165.3846,146.74186309039692,91.19801862206181,168.940010012416,168.02649200931938,165.41079531046682
T04N R11E,2021,43.127384,43.837237865896775,58.393889061520206,44.56844858758485,45.22385445519638,79.58060242345793
T04S R05E,2021,139.86777,132.3188104788856,121.6604836961767,143.71512871229467,143.77636800119,141.4394790161917
T04S R06E,2021,150.43626,136.39484413646213,125.64989023068013,178.24727789364394,158.5615132668033,139.00497657132252
T04S R07E,2021,75.92065,73.05362571983619,49.329533847517446,74.96255660185207,75.24203525925732,71.73794364075508
T04S R08E,2021,32.633904,46.59343591060205,74.99176772865361,32.56805646156406,31.29093916899764,24.6684634977196
T04S R09E,2021,47.710346,62.547308306269564,152.60090713296313,47.602908258504065,46.86849070338119,80.17582367154321
T04S R10E,2021,79.1077,79.37777139143219,93.90430913102415,77.8327738083357,77.20779400275617,71.22730491698348
T04S R11E,2021,154.7747,151.43635272165324,122.79650930911414,165.3474888880779,170.14324195119522,163.27104466935296
T04S R12E,2021,224.26163,220.36200542389253,212.26272031009864,232.76128927943196,233.51407253583326,212.19798489132967
T04S R13E,2021,192.76373,150.90617209443568,167.99376146252337,220.29627191400968,200.88123435217082,177.39103127262675
T04S R14E,2021,148.38142,104.85340235122936,135.05256231247682,161.3813784677037,133.11963628647482,136.73777363460937
T04S R15E,2021,196.99054,159.3618698151601,187.10759403460338,217.16854641509758,190.56619988318548,175.03137317462742
T05N R04E,2021,22.05802,34.815150907963776,80.22849944925068,32.06368928326332,20.507840252319117,16.207879105420396
T05N R05E,2021,24.70213,38.48451064239233,80.26895584009276,35.8212185926472,24.296780985944565,22.925798527270896
T05N R06E,2021,80.25583,63.07061567791781,61.793953980256326,97.01606461059114,70.84691006471863,72.0300204852178
T05N R07E,2021,137.4123,120.19635651943497,112.22123330144841,127.82958627116194,129.3881646403886,132.80441232489366
T05N R08E,2021,150.09654,134.6596495306261,109.55307635995223,169.49572569832736,147.99694213100366,136.97305172062593
T05N R09E,2021,60.23621,45.75220369285632,108.6667144159613,60.15694402249786,62.087117569220375,56.11514106528585
T05N R10E,2021,26.685658,29.76379008234771,65.96377255406053,27.741112312117295,27.309314533669237,23.628212300499214
T05S R06E,2021,168.50005,144.26019651457682,146.3863706583875,166.27540145706936,168.99556242906033,164.31398193565838
T05S R07E,2021,107.23326,92.92425847563653,123.99929069703194,102.83596505781325,105.78387498260113,115.07882256265677
T05S R08E,2021,52.71885,50.24466861623854,93.78249188333274,55.37210125994609,56.22787960288575,49.82650280994024
T05S R09E,2021,21.833292,27.25817286258371,36.50102923524466,23.057409770851972,23.799805864612363,19.00669574431489
T05S R10E,2021,44.302185,45.594791611230555,73.05473550683892,45.836774133973925,46.40505100769774,40.03772539555666
T05S R11E,2021,135.65666,124.60437077649811,139.43982337516547,137.91555455086896,138.30586571791065,150.32228666491022
T05S R12E,2021,161.7787,165.85459694964155,147.48659463537996,167.87294704161823,175.76484395811036,205.69706690033527
T05S R13E,2021,173.89336,155.08514955502895,127.45838555492594,173.42137055124954,177.86866827841422,205.69706690033527
T05S R14E,2021,182.60312,148.07088979631445,171.74690736279993,176.9230987322854,178.75624814830337,205.76925371414717
T05S R15E,2021,136.09825,106.34102504607016,90.88545398595517,128.14972796164176,127.311242483491,135.02064211219587
T06N R06E,2021,112.63259,99.88864273959355,110.367069925215,111.80421027565077,111.13910883656794,119.2508514091634
T06N R07E,2021,136.07056,123.10675722536513,99.59412041088487,134.9800698899018,137.79170713236022,150.4576799261641
T06N R08E,2021,123.802635,107.33776922667276,107.95108062515995,124.74653104517805,127.61992141897072,125.04128183999018
T06N R09E,2021,21.970304,36.52563707327148,97.43275166854521,22.327729392804155,25.798256361295255,18.56276190350176
T06N R10E,2021,28.307425,30.898548965591548,70.408902711405,28.867987797752914,29.60045876611318,22.863997951527043
T06S R07E,2021,142.07613,125.4753512994493,123.46252849317177,139.23380351945764,136.72653999170709,154.03876918681846
T06S R08E,2021,87.546906,77.76879778000163,109.11566169181557,87.73825373033955,86.34669820462436,82.07014272996128
T06S R09E,2021,31.907988,37.626390160087986,37.81612623290608,32.30688199287008,33.14186652873913,23.183533447395067
T06S R10E,2021,18.917576,27.92056558191326,62.10266931737482,20.679704294879052,23.02568621839605,18.56276190350176
T06S R11E,2021,84.0392,85.83416610707957,94.19775226510049,85.43848389213494,90.07167350028061,87.60453960790923
T06S R12E,2021,105.87749,122.98120468817763,129.5501256401429,114.3101384933549,123.50103588272358,122.08448602254806
T06S R13E,2021,100.23667,113.08450055900295,119.12244776503123,105.03771383616775,116.31548540924832,113.12807331081125
T06S R14E,2021,136.73444,131.54941901676455,135.8571816593869,131.7701896816656,132.21465983334195,139.23589666776434
T06S R15E,2021,116.26429,99.05429971342406,104.4550771108475,110.91780231846771,109.82899945893261,115.66905251457372
T06S R16E,2021,114.19804,103.83097407413518,143.039588547477,112.41974042267088,119.31828284106061,115.79971671302904
T07N R06E,2021,117.8253,107.21778222792301,125.03045509140323,119.07354709884076,125.51318210027141,121.84013431222438
T07N R07E,2021,136.48479,129.3469736182562,111.86619089522698,133.87485998622145,137.42751962033233,141.6585784288666
T07N R08E,2021,113.92944,100.33828545228755,155.49456882526485,114.9292136570438,122.53129809277478,115.42775678566446
T07N R09E,2021,19.326178,30.059364015388432,62.5669609705735,18.23009979966254,34.15216199447111,16.822032929559125
T07S R07E,2021,122.48376,109.13262148174915,134.97086362337416,121.86489389411352,124.300095080357,123.39448374917917
T07S R08E,2021,61.223145,62.03485450396739,74.25869222670627,64.87891653937442,72.99621271494956,54.131785859604314
T07S R09E,2021,28.956778,38.38520802992915,35.024707687496324,31.499577092139784,43.29477265189837,23.183533447395067
T07S R10E,2021,22.008022,32.72572910946257,38.95100429452302,35.55055451030172,38.45293518465352,19.18967826004229
T07S R11E,2021,37.296055,52.09360783766498,83.44969169931667,44.02236321917445,59.387888680485986,46.6343465123011
T07S R12E,2021,61.987106,75.24686703348175,130.95113279438303,69.88210707578256,73.34038755312869,68.25665517930877
T07S R13E,2021,76.52175,89.17704903132378,99.08007582972014,82.1829376645935,95.29178189204139,86.19867406755472
T07S R14E,2021,94.844154,98.51674603768386,104.83854346638867,99.32371552542212,107.29624044375153,106.50122636547881
T07S R15E,2021,93.450424,99.34274680295509,155.53038070801296,94.62637154796685,107.45102330104189,87.0135437739189
T07S R16E,2021,215.61249,208.84874038231047,211.46079233611647,207.20269502528595,211.1729949261489,208.2101864265269
T08N R08E,2021,102.22517,84.47829135978263,95.7521088569997,124.03177899456828,115.69186649506524,86.51593836779732
T08S R07E,2021,42.026543,46.48006473613738,37.04924420203157,45.526157441971094,52.40819823470554,36.354214290542586
T08S R08E,2021,41.68385,47.44731443137423,40.28559200145582,43.42845181779096,50.0699379255441,40.03772539555666
T08S R09E,2021,36.060337,44.9866378176608,42.08917615438626,36.87526721938797,48.356259126524286,36.15778140740279
T08S R10E,2021,27.24128,40.82281579635086,41.7436241196284,25.544915911364452,40.59186590112497,24.099578693931125
T08S R11E,2021,21.576048,37.63454582853723,40.28559200145582,24.379135461570716,36.5459966016384,23.006442789740202
T08S R12E,2021,44.34104,57.09547098568988,82.10298363460088,47.263553912333414,60.453161028551115,50.02359531269285
T08S R13E,2021,77.31606,70.70560072110632,75.19695025501646,99.73834048456285,87.08615432817913,76.75505116763959
T08S R14E,2021,109.58249,112.77125478841774,133.9903352565825,111.14593400933417,116.2741671085988,113.06117868664315
T08S R15E,2021,167.65445,173.8417487738229,153.8766634170235,171.0484741878704,178.54731256534455,170.6883041391264
T08S R16E,2021,258.1823,253.91711295681068,231.4364472838045,257.1377522050715,247.37492871970545,253.17368758897553
T08S R17E,2021,253.48473,258.9055333046118,223.26827894344683,250.1862697632129,249.74945852307758,253.51648405297354
T08S R18E,2021,202.43817,176.2746791357197,205.93139047797607,201.15168810924632,196.08912850524325,198.1666593211803
T09S R08E,2021,61.933987,55.743236320394956,36.506742272271566,62.38836740092777,60.73756156863373,87.2489438553899
T09S R09E,2021,46.622997,45.03249737650413,58.43815791940266,63.19250065512815,47.67502092172821,94.952401312121
T09S R10E,2021,27.434275,38.336349530763,56.684600840416046,42.65399828561751,30.973698666917496,25.485671232491846
T09S R11E,2021,16.70223,29.599348275256773,52.609454357994316,29.222969313821967,22.638520581013882,13.681122561950076
T09S R12E,2021,20.085417,31.061189394325094,44.98346479840007,32.37607477319349,22.80454182959949,19.044800298733218
T09S R13E,2021,90.78531,79.84403108019578,57.556962397332505,112.24237503159097,97.72537996627676,87.62465864176653
T09S R14E,2021,139.25603,142.5226856104662,154.96661055616414,164.92407843162326,147.32183974560104,137.57717269117273
T09S R15E,2021,201.95978,212.3733132324083,228.77939693892415,205.26171262169254,214.26298396828574,212.02645134487383
T09S R16E,2021,266.2252,293.3019887729372,250.68150520634074,273.0071910944978,272.3171646306418,281.6013270861696
T09S R17E,2021,255.87938,257.2308314864143,266.3466596818986,251.8303397101705,243.44690932278095,248.4701823504267
T09S R18E,2021,245.02177,235.25290710879733,148.88404560502377,236.03870862057573,222.79129019274413,240.1161443397116
T10N R18W,2021,167.9376,140.7912961898389,139.9368775727871,191.88636711860394,154.46667606048578,157.5968206528965
T10N R19W,2021,338.33765,397.81931360054017,352.983841644097,325.6203042509337,344.1445241455853,334.50468567033073
T10N R20W,2021,471.0206,523.7223475894741,568.1910843547781,415.55726872915824,435.60581658755035,434.5334643468539
T10N R21W,2021,384.78983,423.91643108248223,327.5394536825736,371.29836857503,355.1064370054911,405.8190654516297
T10N R22W,2021,403.6383,417.81993091924625,382.2341263425414,383.8120666494568,372.64393761522706,410.79721149613016
T10N R23W,2021,221.5916,227.5257197965826,210.54266493507313,214.9562253588142,246.12614365596752,215.6163185542913
T10S R08E,2021,66.02768,85.4559637059203,210.54266493507313,77.30782109509586,63.60977449026728,55.49181149851706
T10S R09E,2021,49.26339,76.58180415276277,210.54266493507313,61.02229734918129,51.366848753493365,51.12555909197738
T10S R10E,2021,60.924313,84.33400557389069,210.54266493507313,75.38282341536816,62.47402586674319,55.659965534933015
T10S R11E,2021,16.865252,64.86358227541376,210.54266493507313,27.8416456422849,22.730417509955995,16.207879105420396
T10S R12E,2021,10.105055,61.76475585230695,217.2495744351444,9.816763426931116,18.926423840679274,10.183510270570695
T10S R13E,2021,19.986406,67.44107465922242,210.54266493507313,30.837803320217805,23.116412708718748,19.759642985981333
T10S R14E,2021,140.53333,128.6707520890152,153.30734994474614,160.1524114991823,142.89484608088463,136.66279039149057
T10S R15E,2021,161.61029,149.24211933407724,109.42172254513578,190.72568029477821,170.3716918890059,171.1252679970103
T10S R16E,2021,221.02286,264.45741041414675,203.15341684375778,218.03857337371971,227.8250909533101,167.16706042922445
T10S R17E,2021,219.1417,271.13004451725897,195.22039051197584,210.35606725498343,231.1586885754286,165.8980260888356
T10S R18E,2021,221.7884,249.72482369189657,235.08172589831605,210.82236090902444,230.3539172841029,164.44764900181912
T10S R19E,2021,273.71588,310.8483502058666,223.590461255593,269.47571067858536,285.23196146605443,306.3662957673829
T10S R20E,2021,242.23297,277.03751068409633,182.33150274381654,240.21136217395065,251.52342001759482,226.9619606999056
T10S R21E,2021,249.13539,252.29062436189045,196.9580328152363,235.65200492623669,248.2051245227838,259.09549208454166
T11N R17W,2021,380.3211,396.4824468336741,276.51493672903484,356.83991225295694,353.579989917676,360.27128174439116
T11N R18W,2021,406.69772,445.6537509379469,279.84666213476186,383.9651270808159,408.7876819103027,427.64452253272754
T11N R19W,2021,466.2094,497.7463087665942,418.47416856705036,406.3754650396849,437.68629223302855,439.18296550889585
T11N R20W,2021,397.12097,424.0703953267357,302.3888546875404,382.1862787054744,389.2257188552598,424.1159651360584
T11N R21W,2021,312.84894,308.0883900537477,182.90867911569833,300.86348845894383,301.68461443967067,307.0016181128793
T11N R22W,2021,327.75378,365.9086379657088,285.66603935146804,314.5432708012547,338.52341277757927,315.26246800547676
T11N R23W,2021,201.90085,192.68675101053574,206.85628307116338,192.87635592541812,205.44655372289142,191.66036205973535
T11N R24W,2021,174.8068,155.01764791564077,188.69122758933344,167.14472163163916,169.90019233333499,162.11081693971508
T11S R09E,2021,108.05238,93.31648968255881,42.739049209911975,104.4470022125598,105.99250038307247,113.66260305489853
T11S R10E,2021,72.9086,68.47842920465676,141.8224858234718,73.73574577175512,70.24471361134452,81.56691688429046
T11S R11E,2021,111.90381,96.07951916618006,70.43315462270962,107.36035177226067,110.56756607042625,113.41358765724863
T11S R12E,2021,71.30813,58.812050922086065,58.39736881809258,72.21202542086823,69.43098200793584,74.9159291401945
T11S R13E,2021,13.842722,26.615439974242232,37.150095549454974,16.44251644007927,19.68099858998866,14.841608981813762
T11S R14E,2021,43.62957,53.204498213179164,43.43544643180561,48.84562085419204,58.27133026600775,50.15129559172399
T11S R15E,2021,162.75708,157.72378726139695,166.82369308441454,167.65891841075285,167.70762127730583,170.44727684010215
T11S R16E,2021,230.6886,232.19452369424687,180.27879806728663,223.07413207209305,228.07734407866576,229.37867437921392
T11S R17E,2021,202.71858,204.7169830545243,181.83326060381543,199.31152519373012,197.38237643532966,201.26474731850655
T11S R18E,2021,225.87852,233.8879590449838,181.45585585565362,221.4170240824132,222.9921355097948,226.34024411277224
T11S R19E,2021,252.77051,183.74546193919832,101.9476028331506,242.23395141652216,227.70418974708667,257.0825870278534
T11S R20E,2021,237.62843,241.44081217000436,201.97180128196314,231.46812903636888,237.07161080214937,249.9259002435176
T11S R21E,2021,175.30984,179.6889408382551,138.6727890495652,173.69771535738238,176.42085428677296,173.17876700078904
T11S R22E,2021,28.704212,39.20169065703265,92.22308293285154,30.516127927295443,40.105730477515735,25.029308713299624
T11S R23E,2021,34.141808,39.70874368056656,92.22308293285154,40.272563888699665,40.27269305978353,34.69428358474151
T12N R17W,2021,307.6011,464.3615300471988,239.0350206831356,373.7710452864373,367.28110487503534,364.9843827296624
T12N R18W,2021,318.5076,396.95649749653614,262.68881610905856,364.43454314763204,375.7871877603744,369.4235310770268
T12N R19W,2021,303.7567,470.5180056378948,283.3173244851374,354.88294279522484,364.6868233721942,355.53906134713543
T12N R20W,2021,235.21175,258.9968359515157,226.51037036320088,236.5009859788377,236.32642720595388,260.11151965553665
T12N R21W,2021,235.17493,261.40936101492366,220.4230176983966,239.45851624047805,228.7216593855496,255.32808443305618
T12N R22W,2021,237.01059,252.78878438740196,210.99124119567134,239.99171517280956,224.42858966907656,255.1862198651221
T12N R23W,2021,189.977,197.26348043169,191.1093085782168,194.59560545244068,196.8362754604963,200.81114358460766
T12N R24W,2021,149.74133,138.5437418916417,142.80977751282828,146.84851686594274,149.01618719525393,153.15464380836045
T12S R09E,2021,168.25972,166.97827329903453,145.8443275739712,171.8760114607928,175.9016452768246,179.3592912467554
T12S R10E,2021,114.081474,109.4462978051026,150.18846180641435,120.12368141199961,127.2940781536824,123.03375409587066
T12S R11E,2021,161.51573,137.8222112981947,142.80977751282825,182.9387437150077,159.39573331470123,154.78251251272155
T12S R12E,2021,105.516266,94.00848973427071,75.00758613589717,107.31886476471443,108.95386391687504,112.79110623323483
T12S R13E,2021,41.462315,68.24768478286008,163.2597054461286,44.562799894513006,51.769894756218434,39.84255781218965
T12S R14E,2021,37.83565,48.46337116921603,47.0331929248398,40.62091025022211,47.51327564217467,40.03772539555666
T12S R15E,2021,118.90215,105.74920112871597,119.38096644861491,121.33411302806338,120.25675741177659,122.3360693188203
T12S R16E,2021,186.52705,184.4007406935506,120.75907535596698,189.314030840875,183.28545986199526,195.04973099712586
T12S R17E,2021,147.19037,151.75221607255276,114.57336704617082,152.474045929269,157.45860789462452,171.91393253768584
T12S R18E,2021,165.85797,146.29225702689865,157.53345043737374,180.57175382036746,156.61137108728718,153.94326419402984
T12S R19E,2021,202.28148,190.25020060489496,140.00624223281355,228.00085454604636,185.6892256188903,196.78059918175848
T12S R20E,2021,199.82088,186.72246089758042,141.8640838366819,227.67479292206556,189.57026687892528,200.74401945806233
T12S R21E,2021,97.00607,94.40505838510947,106.80491001249027,114.2801848529275,99.09316873458938,86.11542667862288
T12S R22E,2021,55.326344,55.37433064913413,52.72610735646708,68.61960490118338,61.74436953171246,55.89411267045932
T12S R23E,2021,47.803356,44.53016054119302,40.40578284718668,58.36246792918807,46.91601680304174,48.30068375413837
T13S R10E,2021,68.86257,59.90026307975747,58.87627234978238,67.90086143490477,68.81776507487564,70.00002491281933
T13S R11E,2021,185.41699,159.28175278148532,149.98194400614224,207.97708741627142,184.1410532033335,179.08790092434026
T13S R12E,2021,121.16906,100.78185109290408,65.45047679214156,139.60313822384032,119.73387990551811,121.66422572626456
T13S R13E,2021,157.66136,139.85832877020752,112.97651086617684,186.00283656301687,152.28043071885708,161.8920877352063
T13S R14E,2021,86.651306,72.66256297125473,58.212702320191724,106.22467738051478,82.36092616616324,79.9570788805158
T13S R15E,2021,95.93855,73.35699986799473,57.067501523469836,111.47965351830757,88.31323093434142,85.48450403981873
T13S R16E,2021,122.21746,96.36531482856135,65.45047679214156,139.62892147911535,112.89850371559982,121.18432124569982
T13S R17E,2021,134.60287,120.18795807624163,102.92135910447307,128.77177916917287,132.83855215587047,132.9561848849932
T13S R18E,2021,101.69891,91.40590735799795,113.5032087024389,118.75236379477285,105.6599050568042,86.4745358931356
T13S R19E,2021,118.18551,110.8236076562347,103.49206872907051,138.98216880544413,120.52571948596291,118.43721263231609
T13S R20E,2021,147.1775,138.77763754325787,207.30706599529302,162.07858661160907,141.52564203131217,133.37526573211792
T13S R21E,2021,95.050934,88.58731452883143,108.9797864593119,111.26479762303659,92.10922679461139,86.49373250092971
T13S R22E,2021,65.28823,64.76266242309138,92.91276117973224,79.04139653215192,66.66631391097609,56.5042086692352
T13S R23E,2021,33.751118,37.22081205526339,52.60535165826409,45.62516922668646,31.666194634145825,25.207264122435465
T13S R24E,2021,25.69167,34.007100374986216,61.36875110682507,24.76977538806521,23.88701365092523,18.479763893569128
T14S R10E,2021,234.63423,274.6446324917408,251.92329114758434,213.53757097858713,245.89170474155307,241.29301828212527
T14S R11E,2021,286.19095,301.8178696539526,341.7185430011391,283.9052607585483,286.28109992317843,308.7541781845208
T14S R12E,2021,327.60788,353.6250028540218,341.7185430011391,319.6275010537518,327.19802329684785,334.9600234745972
T14S R13E,2021,311.5787,324.7755396380817,341.7185430011391,305.8363789017938,299.0501124414069,327.6566691508683
T14S R14E,2021,181.06146,154.52411202849697,143.59388227764975,210.19950524942936,177.51853512015114,176.3701312222368
T14S R15E,2021,126.85211,105.15008969897761,83.78185960352724,150.71926306200808,129.47364148305414,126.68218807198728
T14S R16E,2021,109.65717,97.62244785020202,80.50246744071116,106.40499079053428,103.29839320452122,110.05734047226173
T14S R17E,2021,147.97757,122.00436378778602,97.58066956033947,164.24192019128978,133.1459391038415,135.3486499949648
T14S R18E,2021,141.02333,129.05877917438715,230.09728090076888,159.53701504222846,134.79280726913797,138.42498659410518
T14S R19E,2021,118.41597,112.07324441769666,230.09728090076888,139.03054719729988,110.2060655228111,125.39920651461881
T14S R20E,2021,102.229256,109.99181128294651,210.54266493507313,120.99007357460208,104.39715905145256,89.70268638097727
T14S R21E,2021,79.16334,85.99551192363772,202.23463188018277,95.92422516987688,73.90751497184658,70.36562685126614
T14S R22E,2021,57.493958,76.00122133704284,219.54783814081242,73.17967586719246,55.23644487160337,55.374333784253224
T14S R23E,2021,42.493263,61.72665771775536,89.57277713621657,42.198131000199346,44.76318909415773,38.25997921958206
T14S R24E,2021,38.873974,71.80685831335049,222.20880358086242,51.89423057596745,34.742052237547746,27.54084002372413
T14S R25E,2021,22.718468,26.079083910112768,23.66085246188392,24.005425049162692,26.263809122782444,18.714981126409423
T15S R10E,2021,435.78305,464.7780555989641,270.47992804214573,407.7022471113258,424.04555688805397,430.852246200955
T15S R11E,2021,481.32095,515.2924167284627,402.50776387115224,430.38533783689985,433.35889965438554,439.05664579748066
T15S R12E,2021,481.32095,515.2924167284627,402.50776387115224,430.38533783689985,433.35889965438554,439.05664579748066
T15S R13E,2021,325.62396,362.5738091691826,279.52236785528356,321.18938509474856,338.9185408335877,327.4585794423433
T15S R14E,2021,283.02295,284.6809074057438,274.54400306315773,284.9083133701767,292.61365934403057,324.5796054594513
T15S R15E,2021,129.95895,101.97745649490228,82.77207677930659,128.0027746917126,131.96057952849355,132.55109558718297
T15S R16E,2021,113.304016,101.09401199124261,127.41636981458146,111.11917639117416,119.27390802416795,116.70777619010983
T15S R17E,2021,178.4414,167.1455559946935,145.34148611242523,171.8787808068413,175.7637676629872,162.6739150778253
T15S R18E,2021,192.88048,173.27379986062454,170.9599121383809,190.04249673369878,182.73746078293095,183.98191929341695
T15S R19E,2021,150.10555,131.63769035190822,130.3528719028016,139.93589866137225,146.58904710982347,140.4200141588704
T15S R20E,2021,116.67711,110.39234777416395,120.88594624409096,115.07944796973618,124.21899059469307,119.49988162374292
T15S R21E,2021,79.68193,66.48461187092066,109.93669145572483,77.90035149579,78.08101610068371,77.34077288022054
T15S R22E,2021,57.20884,64.71134444354723,104.87392589612075,55.86622657876603,59.862358961358176,55.97228816895229
T15S R23E,2021,76.05856,64.98754374021959,91.01573104896572,76.19263261740518,71.27671804088642,82.76743063872871
T15S R24E,2021,59.864727,55.96357200001706,65.76835516505372,59.202314488178615,60.78338682833689,50.27982598871016
T15S R25E,2021,45.40524,47.73405596990336,74.08161054067254,46.48925130684879,49.448794500741386,40.03772539555666
T16S R12E,2021,537.9215,554.4333714955843,461.9296419983711,533.346257362546,461.1635144040199,510.2683186121349
T16S R13E,2021,463.29547,481.75629983139356,303.48218341730444,403.6824724768847,424.79345434648394,434.0217999505052
T16S R14E,2021,397.16788,417.9620479509807,355.73244917364366,384.3000552551647,377.9961364322313,407.4228684035676
T16S R15E,2021,296.2364,273.57037189184484,219.97035872471787,287.2857981711205,290.4748292122637,282.30194214894857
T16S R16E,2021,172.83827,155.45604308611635,191.19661676534167,174.6861377321016,168.37255528797175,170.33842307188152
T16S R17E,2021,201.96439,182.98304983532128,219.78487990529368,204.17274336734238,208.00700938971,201.80352833984333
T16S R18E,2021,207.85022,219.74734512654823,161.67931454561972,209.1770182381175,223.09669541436108,211.64921858508868
T16S R19E,2021,199.98938,200.74877052257426,150.23170647109322,205.43402397454784,196.3644370183749,202.27979056468976
T16S R20E,2021,172.60233,157.16254552948206,125.21334123546247,172.92862960035347,168.73988262086385,165.70152358262789
T16S R21E,2021,119.13458,106.23311761020925,118.60681007106095,118.62230694259713,117.77097957899272,119.2508514091634
T16S R22E,2021,66.071144,81.82107508649871,116.38520999617579,65.06140950081864,70.58015338702162,60.76022251994567
T16S R23E,2021,75.825745,76.2808516639219,129.99857819513107,78.22444319661305,74.01979595939635,78.23605938833558
T16S R24E,2021,80.91004,80.666706502598,111.9156155685419,84.01051995709216,84.19479479102912,92.05930042996867
T16S R25E,2021,69.40326,60.69581359256921,77.72126227728518,67.93986647552406,66.70755773982815,95.81089087965306
T16S R26E,2021,39.807228,46.848362288890705,48.749227326275275,40.069207855217634,45.608845322120274,41.247164095002766
T17S R14E,2021,266.93933,424.8523994372066,330.4063600755688,307.43169508376275,362.6269279973366,335.7204004462946
T17S R15E,2021,276.69836,356.5601776671866,196.60883425015706,270.22133405771916,325.05030108200475,311.46881586247605
T17S R16E,2021,200.81958,220.5286056567538,209.6492910402667,213.59901831892074,235.0047403610152,221.66411379393745
T17S R17E,2021,200.69191,196.09293873788423,214.40139947333546,203.26198483263707,198.2659239198089,200.7852970686725
T17S R18E,2021,209.3306,213.60631795976516,193.49498481306458,215.38255676814967,204.95550246975716,208.57233160152435
T17S R19E,2021,199.15068,205.92050841234024,162.82237189870963,209.48569023218232,197.61291378217265,204.38207871582424
T17S R20E,2021,153.72234,154.41323598111887,135.60303013432193,157.9571998515355,156.87514111811726,165.9968645969728
T17S R21E,2021,119.53071,111.93973995570158,111.83190227557617,122.9952330220421,120.00181132762204,119.83278199112559
T17S R22E,2021,82.51375,76.01536326097904,106.95802583528504,83.60674039415981,81.7703432774539,80.14119115936438
T17S R23E,2021,90.713715,81.25795914191619,93.06758123437905,85.89532049913127,91.46361258165322,86.5695734273946
T17S R24E,2021,108.99483,97.00812664838101,119.63140274638687,107.87926598205846,102.80759633701908,110.50211257368333
T17S R25E,2021,93.1448,93.44121176418412,124.21009882318954,93.22158187210766,97.60142976167417,87.48934133578916
T17S R26E,2021,50.55646,51.223174862149044,78.36965932415407,49.73400782368467,56.73581387873151,50.22356607343556
T17S R27E,2021,36.97159,39.32390234371399,51.675048928627746,35.03532877956085,36.79603939220603,34.69428358474151
T18S R14E,2021,362.71936,458.5471950443976,362.47649815139397,360.3322881780608,402.64430217026114,427.64452253272754
T18S R15E,2021,347.6122,420.3536145238057,346.53818624728376,347.29063737845064,367.44435635840483,406.1037980292421
T18S R16E,2021,246.71117,278.61640736912125,248.48753074007206,249.21340508970786,255.66357948641667,260.79596282131826
T18S R17E,2021,210.94365,220.02586409509072,203.97036295806848,213.3323499178277,229.13859594966357,211.5362662424872
T18S R18E,2021,198.6616,202.76031200510639,164.89998810481586,201.7667793640737,196.65226821007732,201.53686437845795
T18S R19E,2021,175.80875,172.1272906727858,142.68617736913373,175.47440354128372,175.1670561802652,171.8163065553954
T18S R20E,2021,133.994,131.0414620532526,120.46967914516016,132.98297035340147,134.0942482942029,133.10921227227814
T18S R21E,2021,112.91298,114.84728687748184,94.31255386868428,110.68782141085786,118.68403578614794,112.67165369161879
T18S R22E,2021,133.72643,131.32139751659656,122.79050068938177,125.53224973005482,129.76093152996023,129.541619274035
T18S R23E,2021,125.9268,127.4670246566958,158.69596225493382,123.78961495374377,127.07127122997815,120.73292603262456
T18S R24E,2021,140.72592,129.23574535394184,134.1832607524346,161.22526285851507,134.3075206585978,133.37526573211792
T18S R25E,2021,118.10808,113.43817406582083,118.50274853442994,142.6522270639238,114.72567812622437,118.397756775195
T18S R26E,2021,73.0987,65.48292731873227,71.09668070519827,93.57666442979473,69.84642688608187,68.72426379897679
T18S R27E,2021,39.812298,39.07527308605885,54.69080769292635,54.536253555307034,39.22907200500898,48.44100902913749
T19S R15E,2021,385.72577,413.12435578648086,324.34502186780793,381.0378075459504,372.29640138845315,404.6652759434798
T19S R16E,2021,328.83023,375.2395492563402,307.64628848682764,323.8685789601612,332.10598324570367,330.18700707667114
T19S R17E,2021,251.14757,270.70894314501453,285.96220167648977,255.43203565182404,262.962545337447,254.17262731526847
T19S R18E,2021,225.03583,271.97882284763125,398.67468694885036,261.49472974446036,211.12708686338524,198.54923283589582
T19S R19E,2021,210.839,182.16987097437848,140.63579509558662,244.72483636031947,199.38794038340623,199.8516073226876
T19S R20E,2021,186.99405,172.56897809621623,104.03303593140892,218.22096928822927,188.418295917245,177.4870343471243
T19S R21E,2021,162.915,154.36637561329582,127.65805824855968,198.6426860822239,166.16643277794068,168.30110918306002
T19S R22E,2021,150.40895,147.01442021334503,137.4250112205142,182.15322403964362,154.90376237859442,139.59332708171544
T19S R23E,2021,139.48224,139.31904259351182,145.54573232630312,134.53792767939788,139.84278780951342,134.6028641515095
T19S R24E,2021,159.78383,162.04514203563005,137.72193539634156,193.32104490570032,168.27473942126983,167.21464312666564
T19S R25E,2021,128.91931,120.47124764567027,112.60186821480168,155.5159837840178,124.84598449272846,125.70916021260629
T19S R26E,2021,122.98948,105.83331468874245,92.57133592758305,142.40113591683442,112.16673585550916,116.6025709619781
T19S R27E,2021,90.78738,77.06171883800302,78.92687616944393,109.48383467585109,86.23250317511197,79.44993511039654
T20S R14E,2021,402.79117,428.3765826610549,365.80435180975707,408.2299615160296,385.8461689843164,411.422210230432
T20S R15E,2021,434.30975,424.2513712674416,406.7959227181338,434.04334783349293,404.7805030996918,423.21304200274085
T20S R16E,2021,349.6545,372.57172776736104,301.651244291312,348.3424255260849,346.1004731613386,342.51418128863276
T20S R17E,2021,348.4017,352.3231284629003,341.7185430011391,350.846669668229,334.01814280759174,338.44551074502425
T20S R18E,2021,212.59294,190.75918677378178,260.80915510655086,205.2384787392658,202.65357933639666,218.83046261578963
T20S R19E,2021,226.48795,206.02387149912272,257.05916383931384,215.748973806365,219.11577794101993,219.30579659072197
T20S R20E,2021,216.30437,188.88578515510883,149.1205737652763,244.99544847979382,199.14358858106135,218.47439576724122
T20S R21E,2021,214.7696,185.02728474841155,150.33069417704357,243.5036887776284,198.17073718932127,218.7641602413203
T20S R22E,2021,222.17792,192.4886250633271,212.8232123870121,247.01667376909586,194.56185960500173,204.33023464020818
T20S R23E,2021,154.24742,156.32994455143702,129.25734458557477,153.99133384530222,159.0248499917219,159.91472028791463
T20S R24E,2021,172.33173,166.02486542452712,147.9781203536815,202.26024422333197,170.9219518837326,165.53156026967238
T20S R25E,2021,159.16277,156.60565932477667,130.27608814339965,191.70736858970844,163.02122807774052,169.58733094813948
T20S R26E,2021,144.98041,134.8307991393042,129.8100743818468,169.65074448264315,140.38997976017225,135.85402981877854
T20S R27E,2021,86.594284,76.84562389196707,107.39021602736291,109.18600617694955,83.3426386161498,81.36521151830306
T20S R28E,2021,37.265434,43.990363124635756,61.726887309870975,55.68689251043601,42.04168349004363,48.78908946539134
T21S R15E,2021,393.97147,416.79296758554085,322.66014826056715,397.54112102048134,382.54596865340994,406.29074516183573
T21S R16E,2021,333.92996,362.8562987873689,296.42877344380685,332.389133176356,340.47352403821645,322.91320712226457
T21S R17E,2021,321.85608,319.06015488186404,281.75374361784367,325.4378675927178,309.16692356315974,317.7675747576508
T21S R18E,2021,228.26373,287.797459349634,241.36638100606194,283.29479965048864,276.87667905793967,248.81478470551437
T21S R19E,2021,237.70758,200.44726684596876,237.49137518250558,218.46214591249296,205.62308600728957,211.03386904602692
T21S R20E,2021,222.75899,194.23002202485378,235.22841770411046,207.88494691340324,198.62520716968186,203.4929745653963
T21S R21E,2021,239.66467,218.21483470813985,246.9452013128517,220.46071722905623,221.25551767604222,213.79763113661514
T21S R22E,2021,261.67084,246.24640775013842,156.40445979271996,246.11986652611847,234.50303861299892,246.62165803568712
T21S R23E,2021,198.52264,178.34988093195435,160.7069093383643,179.98835308434207,176.54216418394375,191.57847128575864
T21S R24E,2021,192.49004,167.6522536148506,166.49927405986716,179.4423303084994,169.28450927708278,190.86780616133944
T21S R25E,2021,195.64491,188.80157322961142,200.08790576877666,194.32864450009953,200.25917900741894,189.41044860037826
T21S R26E,2021,133.48624,125.51456764477146,150.3409448592039,128.27852186956844,138.5596246549735,135.40779210052148
T21S R27E,2021,99.45271,101.94846552823404,115.86339262071961,100.46130708423989,109.14620227291884,115.62509781092263
T21S R28E,2021,101.950645,103.32390585608735,87.79412913916,103.56842187664961,114.51792323427281,117.36071333625543
T22S R16E,2021,311.6447,334.7752705668836,287.17923202826444,307.1392835029347,303.73939643020776,312.24075828480187
T22S R17E,2021,308.97177,314.05272083228954,249.24811236039955,300.03249540834827,294.7541130059457,305.43805203293437
T22S R18E,2021,248.62172,272.0257299569033,215.46522690114975,245.6881522394515,257.21750871471073,255.67950541052394
T22S R19E,2021,284.92767,280.03077991744175,270.41797154946204,280.3261815507446,265.3064011331288,274.344130315769
T22S R20E,2021,245.24364,241.25276068795625,239.61883835722793,243.4639360432499,245.64372340537315,251.7881194954468
T22S R21E,2021,286.4186,286.46038443989136,270.41797154946204,280.7914717632114,272.3708780581838,276.5809428665426
T22S R22E,2021,251.41776,269.07204821708984,261.9999541306659,251.87817582772664,255.79348592082357,256.43406697874
T22S R23E,2021,240.18289,246.79620696682707,246.54722577310284,240.69601367656256,235.61591589726967,255.25750546373342
T22S R24E,2021,198.71718,180.1283483316418,185.6409652554745,200.3461946933708,186.25323200052222,193.293228303683
T22S R25E,2021,215.45178,219.1694103826747,196.26829357654776,211.317642686217,212.8253158397522,211.9942658054405
T22S R26E,2021,205.32709,217.8248390278173,202.23941896635432,213.23630781249236,220.6492968154604,212.72781014863114
T22S R27E,2021,169.30316,180.7461513260111,145.8001695651364,174.58626339179375,177.21854667870622,173.16827120620616
T22S R28E,2021,115.57041,105.43938522517263,124.74977246227498,118.08311910102456,117.20902620703386,123.54213386883379
T22S R29E,2021,88.422325,78.04651743464046,83.57695843830798,93.538345924419,99.62908918691352,94.33628374587664
T23S R17E,2021,250.8983,253.83570049763503,177.8742707160937,253.2856725738432,250.63871914576785,260.99218964888934
T23S R18E,2021,230.56996,222.5821190615974,174.01559071189217,232.07417496675396,233.14106856591144,233.27064804108028
T23S R19E,2021,217.67375,193.391718873742,150.29694879181528,214.28054844418614,208.62279998597236,208.32868451809225
T23S R20E,2021,229.26622,238.87534713461068,171.796383240808,237.83325139127956,231.19448547149165,235.4417974448903
T23S R21E,2021,245.97499,287.6844927990714,207.87554505027867,238.10945335442406,248.93568067713812,259.6577482337377
T23S R22E,2021,260.42502,284.85354733891313,209.27117244731795,252.8803439780822,245.84435931132265,280.99734535908965
T23S R23E,2021,207.35088,234.13007370742554,161.24957450512568,212.29575977066366,218.2238037183581,232.11175580652815
T23S R24E,2021,193.33046,203.60503394670832,189.22999526739576,195.3615212414323,199.03803802286126,201.96664935695065
T23S R25E,2021,201.65123,225.9433787818627,148.94722628130486,199.72086996892293,211.34472315840645,209.88377679323943
T23S R26E,2021,273.77356,264.72163187126006,166.68018882475144,265.5306082991535,264.72021549886347,280.23177236559746
T23S R27E,2021,254.99832,286.5512169849722,214.1722261545422,248.96217131093957,256.3228156860568,260.3221302429461
T23S R28E,2021,329.13654,365.4875907590589,337.38422771864504,321.95214351757676,316.03000772880495,319.86745897268446
T24S R17E,2021,195.71703,171.3797684724839,182.5878289868552,197.30350681763747,187.9511151583799,192.69060887293122
T24S R18E,2021,152.93903,135.92255891415275,179.60529099589945,149.22054371502387,147.26790811901097,145.82541593271236
T24S R19E,2021,95.561615,84.46746401519657,168.42158717785287,95.97246890846384,101.15041976072567,90.90676953065973
T24S R20E,2021,131.76143,126.68932417232128,182.48486510737467,131.9553926643215,135.81997211103214,137.15888434863822
T24S R21E,2021,203.59042,212.23397143511895,190.18910720746737,206.50885671216702,214.6254228469282,212.08186821773933
T24S R22E,2021,233.25206,278.3520847525644,192.58753767736266,225.84238568834243,238.97597403717052,239.6662574472331
T24S R23E,2021,236.4677,262.2522735579206,203.871165073433,237.6151577549831,229.60575899769464,242.52165051436273
T24S R24E,2021,225.28914,236.65043884217584,218.52845335888202,231.26824554622772,223.31083451727991,238.00605870917326
T24S R25E,2021,206.02657,221.1377800466634,203.52347858256377,208.11473104147248,203.60863529660338,204.74606565787897
T24S R26E,2021,265.63458,309.03803734619373,266.55117655085405,270.3972157911533,272.9094009024997,299.4251114479444
T24S R27E,2021,391.14047,444.760664609904,315.22105217088074,371.853481403416,355.92159039558254,426.22099852527913
T24S R28E,2021,395.66586,437.9663068284588,312.89623087964145,376.08315707666964,371.36408922564317,421.06776946355984
T25S R17E,2021,136.83476,128.27176511504766,192.24674973531117,134.251551833449,139.40041343041705,134.30547871958203
T25S R18E,2021,134.8003,126.89977389059857,125.69605784345673,131.1927474281069,135.81857394349134,133.2450290712041
T25S R19E,2021,86.80714,76.29076403852616,140.11368981978913,78.68510349929768,86.55657803787977,87.90343896787569
T25S R20E,2021,106.43129,98.84154936049175,136.92887800664732,102.00450148328906,116.09367928612888,115.54751237506512
T25S R21E,2021,198.91232,207.12535981686023,210.779964612375,202.69399689623572,208.69334407858403,210.21599892635624
T25S R22E,2021,234.57422,275.626810391793,219.3722660220335,236.34998593662183,244.84864273542243,259.34344306171374
T25S R23E,2021,275.2417,298.9223699812544,215.8136756160631,272.7938043508066,263.5599750957234,282.6986575318745
T25S R24E,2021,274.79477,297.0915114734909,155.04051296860047,276.3949888115061,255.0457959215139,281.7808332288262
T25S R25E,2021,242.34872,258.56171362255304,103.53578231806158,240.50942663294217,236.65801700512984,253.66707110373426
T25S R26E,2021,305.99783,328.73304441187173,181.12497987580267,306.5833933081249,290.5211957411388,328.8457313332951
T25S R27E,2021,433.94284,526.8315129890294,328.08289868675416,409.6463434807815,392.8122354166405,432.1381398865893
T25S R28E,2021,470.72092,570.4113782182931,384.1352014273034,510.9567400781896,438.99641017886665,542.8725730491954
T26S R17E,2021,140.37068,129.1270571077604,148.9609502539672,138.16618248790928,141.02956360010668,134.30547871958203
T26S R18E,2021,66.28245,59.51484944111728,92.74007809598758,66.9827397376959,69.14721285082595,58.20429955059856
T26S R19E,2021,78.154205,68.42032062517109,55.8856143976778,79.17536425165397,72.11807530977657,73.67334511089898
T26S R20E,2021,112.82463,103.14175122411936,77.50366693592461,112.47538095479136,110.87189890800444,115.52120726008322
T26S R21E,2021,134.59425,119.28649189003303,99.59666630988792,131.69574153789412,133.23530405519435,133.04724409280115
T26S R22E,2021,193.89374,184.920000159384,205.4942372290974,199.13741910213366,196.16085052537775,198.1666593211803
T26S R23E,2021,241.36932,273.07334480302035,168.3654315142951,244.01417486998164,241.414853482938,278.2641372315768
T26S R24E,2021,238.58879,241.50081030405934,237.3355538063311,240.54878360878425,242.24301088175756,268.3514047994533
T26S R25E,2021,270.51645,290.8996015314128,331.4021809783035,276.47588934575623,262.95433525282897,293.67579109035853
T26S R26E,2021,405.8013,439.114662888945,250.99285448939793,396.4723251434276,382.7426482711105,426.22099852527913
T26S R27E,2021,536.0365,440.1685368186025,384.87588312448963,565.4668067965902,456.205566029544,539.7979851650442
T26S R28E,2021,527.1463,570.9397069882414,480.67686692422564,543.6119260590445,457.76198382441595,541.3847459072437
T27S R18E,2021,71.883385,57.406505898033664,78.78059333841536,91.70283471352282,69.23790567130706,59.43488771885756
T27S R19E,2021,127.26991,96.17453391218804,137.18975053897015,149.5906129050624,113.64681131835145,120.5082095693292
T27S R20E,2021,132.97197,118.65172106593982,204.60945479602975,132.71666067669702,135.3235884672773,133.2044695188825
T27S R21E,2021,116.79146,99.18927827843825,214.34820504438383,140.68171702720758,105.30340450574728,125.00025655449322
T27S R22E,2021,149.40732,120.10202496158702,130.6916770840676,133.24500865501815,146.04848705469314,135.37151776326093
T27S R23E,2021,265.50198,262.4753486565885,267.33632639291346,245.6661261653434,237.93884691835177,253.23753055307057
T27S R24E,2021,193.08627,328.25943741910925,267.11748560816153,286.72130473517285,247.02493587946128,226.9861579396618
T27S R25E,2021,193.08627,332.20118432701133,254.74116259339021,286.72130473517285,247.02493587946128,226.9861579396618
T27S R26E,2021,205.70148,364.9230985121222,294.63380833283156,320.20344161472303,270.2344246808407,182.37743116962156
T27S R27E,2021,256.25085,511.2240696355169,271.46411935628504,495.5453691074907,305.5777878709018,442.34167354353576
T27S R28E,2021,177.4373,405.7372902956084,231.1632481484236,339.5540403015431,242.58575023392063,203.60292708175882
T28S R19E,2021,137.78116,124.93807103768334,173.58920068365626,136.8946791994582,143.32840609657723,137.52062675772711
T28S R20E,2021,113.67525,100.9105399750457,121.91718527878841,113.808881070699,119.8822093985737,116.13233498939248
T28S R21E,2021,113.964645,100.91750134346687,121.91718527878841,113.808881070699,119.94814140068716,116.13233498939248
T28S R22E,2021,126.20923,126.54016349155985,141.46788582083087,125.59174420039169,136.86684871433098,121.59557997770676
T28S R23E,2021,195.73677,181.83208217592028,218.30545681529662,194.97585093037847,194.94113247918492,200.1497058364565
T28S R24E,2021,294.6383,296.21608071902585,232.07038513533385,286.12261001640275,277.8013214428522,291.29367098867607
T28S R25E,2021,301.0222,319.79621034035006,244.11566961064707,300.0982927513934,275.8472362180436,302.1510431630799
T28S R26E,2021,344.2157,300.8904781148213,247.3344911303141,333.1247620266938,308.47994539952407,323.05489622964785
T28S R27E,2021,302.33792,290.5506576312299,229.1643953284585,298.0947876110593,296.53119613761265,307.37695911486634
T28S R28E,2021,216.21385,233.15522133548845,211.67713556433134,219.1020038003545,222.9028237300884,231.9975782615931
T28S R29E,2021,129.25162,113.5200613304138,177.7907738888469,127.10026310553955,127.44585829435898,129.34078886580332
T28S R30E,2021,32.725403,39.991689669780506,81.58795604452905,37.575541093937325,39.50262433964794,35.081870507409214
T29S R20E,2021,112.82846,101.5957541325231,111.64468053607396,112.10352960551879,111.31450391528496,122.64439013360973
T29S R21E,2021,51.204987,49.03754856062398,45.47029362055289,55.006547346296095,57.71398165483538,50.15129559172399
T29S R22E,2021,74.21569,74.74873940478025,147.90761688230987,75.90170760235209,70.92615897485442,70.78871598938406
T29S R23E,2021,154.36205,154.59940044747114,155.41350013714487,152.93495436363986,151.2739658577658,143.2267172456954
T29S R24E,2021,184.37672,187.15390179062254,164.38762370612906,197.64204846580225,187.5369523137328,193.31816996173322
T29S R25E,2021,122.5722,146.52413826906957,150.98823609350345,133.22530327442672,126.31085692180002,119.61308813423508
T29S R26E,2021,135.11137,150.06393437935523,164.01727442164528,129.9889769401019,135.0580374546297,133.29794028696753
T29S R27E,2021,115.0018,111.05896216026653,40.14305166498495,120.07918004509114,125.73814167415313,121.79321112119689
T29S R28E,2021,146.62405,125.64278811600835,100.12675446901166,145.31138190062757,146.71211361964367,144.22188192357038
T29S R29E,2021,189.58397,204.5333871971084,166.22262911939046,196.20805917704197,201.90086585016294,201.0854791462591
T29S R30E,2021,197.38951,220.3956574194841,175.10697924187707,206.48764358152596,211.11557309034148,209.61009699056765
T30S R20E,2021,15.740933,34.513929821997024,41.08019375067798,21.345229653215224,20.168179932619644,33.95922028633912
T30S R21E,2021,68.85447,74.6163335809953,150.45715966465406,73.48987163106095,72.02129793874516,73.37122822922471
T30S R22E,2021,83.291245,82.29475559752522,158.65972271442598,87.68949507376938,87.52703145565975,87.73247701797395
T30S R23E,2021,146.3795,150.72350451883074,165.573526196114,151.35189140657545,149.08028920744616,158.6141248008644
T30S R24E,2021,150.77101,142.96115475433982,173.59835283897485,147.0556695297043,149.4803933583199,144.22188192357038
T30S R25E,2021,113.724144,108.0510873117449,117.36778376355021,113.0636733020995,103.64095833665425,103.42767700797178
T30S R26E,2021,115.70154,120.57019599560098,106.47351282565788,116.31947440253184,117.70450150962934,113.90057211132026
T30S R27E,2021,161.7464,137.06867212122705,152.6431088601951,167.8135316065817,170.24235579982735,169.81556011220442
T30S R28E,2021,206.02202,215.13765759886445,199.3375279374767,214.00307954257423,210.65714299815536,208.02081916860712
T30S R29E,2021,292.87314,323.4192256547944,223.1589749975906,284.2586752511137,282.93249565137904,303.9169118740597
T30S R30E,2021,285.65964,337.3496253538908,273.54928017424754,284.2586752511137,292.9106115681972,305.46058091424885
T30S R31E,2021,255.83618,302.1431596546984,212.38258378574932,251.95263241113852,277.4171026110751,278.6121862655363
T30S R32E,2021,383.9504,420.6169035487165,410.15100407784587,374.78030500279243,347.94710730032074,377.02059088457145
T31S R21E,2021,94.389366,90.30487076066312,172.08930964938787,99.7859232516872,100.91265072546976,89.80203121626208
T31S R22E,2021,151.52869,143.2176418029819,189.99590603855333,146.8621422136919,149.3996189022516,158.98149517725798
T31S R23E,2021,159.55104,149.20788324411873,188.84684158592066,153.93301920910736,159.21000824947785,165.7859495977126
T31S R24E,2021,138.59026,128.19381489612647,189.45774734456407,138.13881403694572,137.43433764243173,136.44980462502176
T31S R25E,2021,137.53494,127.5533409269354,154.24436341847976,137.73435719277222,137.58933183162154,136.44980462502176
T31S R26E,2021,179.83286,166.62787921967958,145.4530523019644,181.4592988556745,176.16414962790068,170.64188664944152
T31S R27E,2021,198.29015,198.21474024370974,199.09533635249872,207.86729916577067,198.9866147835228,200.51879329301673
T31S R28E,2021,202.99625,202.57391095346222,195.82005511563122,211.54874577528716,199.4816376252323,197.70770966082114
T31S R29E,2021,331.51038,331.40841122305164,252.2469833758358,327.18152300679384,315.91125886177906,333.6061885390751
T31S R30E,2021,322.60886,399.6802586002703,377.68312220171237,310.25429384662897,333.3686026875927,342.62315884327006
T31S R31E,2021,357.00757,422.8335100181935,296.0707190139534,362.8677769883416,346.84485901544315,377.88723771258265
T32S R22E,2021,179.05984,169.70895188968242,210.6321370490081,178.8197621900225,179.20708413194393,172.35153997973745
T32S R23E,2021,173.23566,167.92196997532747,208.0298156414169,177.62884398161705,179.0093155871792,172.24738166970283
T32S R24E,2021,153.32727,131.9784516574687,180.66269013327351,151.5837131913461,146.11504700645222,143.08132111140614
T32S R25E,2021,167.85611,145.64747872540545,190.5846708621436,171.06884363582463,167.97221890245032,161.99190883627213
T32S R26E,2021,199.5228,193.62500955959158,206.67280721570316,202.63940271339487,196.93064406777307,203.82318364071605
T32S R27E,2021,130.4416,102.03336510319124,159.77870565373294,127.13632672506645,123.55456896356138,126.5525131902629
T32S R28E,2021,198.80574,194.91916675423622,192.0710897231293,200.7376540820661,189.59811087884978,201.7335901364531
T32S R29E,2021,336.63104,328.2232447249338,226.46873753760678,329.44094495574296,337.70296566828995,319.8833071945242
T32S R30E,2021,362.8308,418.3015596834841,366.37405269859283,360.54469026621507,367.10798506583086,373.82236958996435
